frame,allegro_thumb_tip_x,allegro_thumb_tip_y,allegro_thumb_tip_z,allegro_index_tip_x,allegro_index_tip_y,allegro_index_tip_z,allegro_middle_tip_x,allegro_middle_tip_y,allegro_middle_tip_z,allegro_ring_tip_x,allegro_ring_tip_y,allegro_ring_tip_z,shadow_thtip_x,shadow_thtip_y,shadow_thtip_z,shadow_fftip_x,shadow_fftip_y,shadow_fftip_z,shadow_mftip_x,shadow_mftip_y,shadow_mftip_z,shadow_rftip_x,shadow_rftip_y,shadow_rftip_z,shadow_lftip_x,shadow_lftip_y,shadow_lftip_z
1,0.031616583466529846,0.17197285592556,-0.08657156676054001,0.007603626232594252,0.05633522942662239,0.14516569674015045,0.01279008761048317,-6.508348349143489e-08,0.147498220205307,0.012790078297257423,-0.05629437044262886,0.14469759166240692,0.02683219745401988,0.10303500753212966,0.03967978431269058,0.015226098319958017,0.04227028591740645,0.1065572693343315,0.022423009377445312,0.008983477066815067,0.1103204847148168,0.025887305034074208,-0.022418890351086112,0.11014103115002878,0.025637031639544432,-0.04309631466398999,0.10630971491846931
2,0.03161657601594925,0.1719733625650406,-0.08656546473503113,0.008761487901210785,0.05632856860756874,0.14508964121341705,0.01453558262437582,-7.954638192586572e-08,0.14729368686676025,0.014535574242472649,-0.056276559829711914,0.14449384808540344,0.030067353450862852,0.12234208697863924,0.004460338365040997,0.013322454517908686,0.05173003097815861,0.11440568726783429,0.019416770177883215,0.00673606481269421,0.1241979507498956,0.01683870917142497,-0.03635554004547431,0.12441184369514768,0.021215237125011867,-0.04911733468156092,0.1191225598627712
3,0.031616564840078354,0.17197425663471222,-0.08655449748039246,0.009425533004105091,0.0563243068754673,0.14504100382328033,0.01543551404029131,-8.662370731826741e-08,0.1471782922744751,0.015435506589710712,-0.056266508996486664,0.1443788856267929,0.009081982950937095,0.11195801627640578,-0.04073949089188717,0.011606885272694224,0.05868642962955776,0.10610122441355903,0.020152209321335338,0.004120587986359291,0.12381640384450512,0.014438532204561698,-0.04173838544640196,0.12547236278977633,0.023674606502931565,-0.05220894108119129,0.12073191390203748
4,0.031616516411304474,0.1719754934310913,-0.08653869479894638,0.010141298174858093,0.05631935968995094,0.14498451352119446,0.016353417187929153,-9.353457386396258e-08,0.1470535695552826,0.016353411599993706,-0.05625564604997635,0.1442546397447586,0.021112286589609865,0.116681550812986,-0.0605825036591708,0.011387608283244897,0.05917958889787872,0.11699619505277062,0.018152724555940157,0.0017742427056272646,0.12995676794644634,0.012565787337419091,-0.04329330551457345,0.12618255299753608,0.018800818527448443,-0.05262565271929777,0.12124973919439817
5,0.03161643072962761,0.1719769686460495,-0.08651836216449738,0.01090443879365921,0.05631367489695549,0.14491958916187286,0.01728791557252407,-1.0022463214909294e-07,0.14691931009292603,0.017287908121943474,-0.05624395236372948,0.14412088692188263,0.0201911906970399,0.11734861630080146,-0.05850750495993349,0.011168610820075291,0.05942170544589262,0.12016211564620183,0.017786265982081467,0.0019480409141209411,0.13279443658681606,0.012120169950779233,-0.0430898349992775,0.1287780872863034,0.01810425328846649,-0.05239106915542083,0.12378410393730158
6,0.031616296619176865,0.1719786375761032,-0.08649378269910812,0.011709952726960182,0.05630721524357796,0.14484581351280212,0.018237672746181488,-1.066918358105795e-07,0.1467752754688263,0.01823766715824604,-0.05623140558600426,0.14397740364074707,0.022338894379944997,0.11707911200802743,-0.062223010881100334,0.013432747033416816,0.05909858653300833,0.1164221128192171,0.020055264076915606,0.001621848063664744,0.12903448973175016,0.014347052359144326,-0.043351162111321145,0.12503235126474407,0.02042975108127103,-0.052668204025074675,0.12002851070564649
7,0.03161608800292015,0.17198041081428528,-0.08646522462368011,0.01254785992205143,0.05629999563097954,0.14476333558559418,0.019201435148715973,-1.1287877299537286e-07,0.14662128686904907,0.019201431423425674,-0.056217990815639496,0.1438240110874176,0.021709216898131368,0.1162081425255618,-0.07023421093410476,0.015176233793014807,0.05797360078480154,0.1206222390520117,0.02093768182802707,0.0003903505848635762,0.13087822188239942,0.014983457491450922,-0.04455569517498848,0.12510405786126286,0.01890108414980577,-0.053278704441675526,0.1198802641727475
8,0.031615786254405975,0.17198218405246735,-0.08643292635679245,0.013413564302027225,0.05629199370741844,0.1446719467639923,0.02017802558839321,-1.1877457239961586e-07,0.14645718038082123,0.020178021863102913,-0.056203693151474,0.1436605155467987,0.02030128457583124,0.1161175560425861,-0.07146434516896613,0.014748725599864222,0.05768845147844806,0.11957137205248612,0.020833374756460694,0.00015175122807006445,0.12967838878539611,0.015073632177592182,-0.04483686250560851,0.12384179519662467,0.01898764050791088,-0.05349337634304548,0.11860388898204888
9,0.03161538392305374,0.17198391258716583,-0.08639713376760483,0.014304681681096554,0.05628318712115288,0.14457130432128906,0.02116640843451023,-1.2434351503998187e-07,0.14628274738788605,0.021166399121284485,-0.05618849769234657,0.14348675310611725,0.022009872647251245,0.11631979321171855,-0.06931096335921305,0.016654864620442,0.05781068320481095,0.121618719381518,0.022756961588632968,0.0002763189560015711,0.13171131252912807,0.016969984013918957,-0.044653777250127105,0.12589727824760719,0.02098933328924437,-0.053323775135714076,0.12064538920696409
10,0.03161486238241196,0.17198550701141357,-0.08635805547237396,0.015219172462821007,0.05627353489398956,0.14446108043193817,0.02216561697423458,-1.2958224715475808e-07,0.14609785377979279,0.022165611386299133,-0.056172385811805725,0.1433025598526001,0.01808376528264598,0.11685419225101573,-0.0700558489763828,0.015645070948749232,0.05777455453317555,0.12143877307486937,0.022520451299861126,0.0003895361801585476,0.13106328970167266,0.017154270273976247,-0.044728981021067954,0.12503348348165538,0.021000626601599365,-0.05318530345490896,0.11974656165060248
11,0.03161420300602913,0.1719868928194046,-0.08631591498851776,0.016155315563082695,0.056263018399477005,0.14434091746807098,0.02317504584789276,-1.3445148283608432e-07,0.14590227603912354,0.023175038397312164,-0.05615534633398056,0.14310772716999054,0.01949238732086363,0.1166564658556592,-0.0707024650973319,0.017071414992766522,0.057497407784237634,0.12069602583925579,0.023940784002039944,0.00011272392146368044,0.13030723264946964,0.01854308860526984,-0.04496087680473709,0.12428771395073117,0.02248364099243773,-0.05341985675724494,0.11899152801811327
12,0.03161339834332466,0.17198799550533295,-0.08627090603113174,0.01711210235953331,0.05625159665942192,0.14421042799949646,0.02419453114271164,-1.3899659734306624e-07,0.1456957459449768,0.024194521829485893,-0.05613734945654869,0.1429019719362259,0.02014197691700134,0.11679136201124565,-0.06970036495262721,0.017771708632245403,0.0576349821936551,0.12172505962227277,0.0246401455032982,0.00025400792558322605,0.13132855442777028,0.019240879620681835,-0.0448315042813859,0.12530306740926642,0.023170282825016538,-0.053278488201435874,0.12000940595577675
13,0.031612418591976166,0.17198877036571503,-0.08622318506240845,0.0180894136428833,0.05623922869563103,0.14406909048557281,0.025223398581147194,-1.4316756846710632e-07,0.1454780548810959,0.025223389267921448,-0.05611838027834892,0.14268511533737183,0.020546130491787162,0.11673785868947653,-0.07082011405425882,0.018242029775666566,0.05756288232364269,0.12058848702157243,0.025115125103473322,0.0001840768576807164,0.13018533450758568,0.019705453308796743,-0.04488664087912617,0.12416526133443509,0.02364819898189733,-0.05334321034662037,0.11886551012856454
14,0.031611278653144836,0.17198912799358368,-0.0861729234457016,0.01908809132874012,0.05622585117816925,0.14391621947288513,0.02626075968146324,-1.469394703690341e-07,0.1452491134405136,0.026260750368237495,-0.05609843134880066,0.1424570381641388,0.02099096091025464,0.11678293075320982,-0.06982233426251502,0.018875648682851028,0.05760590351604082,0.12163973647917058,0.025765263533858784,0.00023333016039397752,0.1312167233944338,0.020365677540369338,-0.04486795870874491,0.12518321947659625,0.024280422258873693,-0.05329561631959591,0.11988905754506166
15,0.03160993382334709,0.17198903858661652,-0.08612023293972015,0.020106608048081398,0.0562114343047142,0.14375151693820953,0.0273054838180542,-1.5036633271847677e-07,0.1450088769197464,0.027305476367473602,-0.0560774989426136,0.1422177255153656,0.021538380545963676,0.11675666500273583,-0.07104969035916181,0.01955397351103451,0.057551326549858686,0.12038002995521255,0.026454933893069688,0.00018172311799267982,0.12994726379948765,0.021040992869615967,-0.04489544184188351,0.12392467937097233,0.02497384013620081,-0.0533409262578585,0.11861978974441474
16,0.03160838782787323,0.17198844254016876,-0.08606526255607605,0.021142924204468727,0.05619596689939499,0.14357474446296692,0.02835635282099247,-1.5344122061833332e-07,0.14475737512111664,0.028356345370411873,-0.05605558305978775,0.14196717739105225,0.02181748671187508,0.11681299058295518,-0.07000354181864957,0.02010516902034851,0.05759303306009708,0.12146451601358518,0.027031965559251782,0.00023024392841389284,0.13100787252685744,0.02162666195430043,-0.044868651466817816,0.12497676158839716,0.025538102627940193,-0.053291905345224315,0.11967311569772626
17,0.03160662576556206,0.17198728024959564,-0.08600814640522003,0.02219509147107601,0.05617943033576012,0.14338575303554535,0.02941221371293068,-1.5612619108651415e-07,0.1444946676492691,0.029412206262350082,-0.0560326874256134,0.1417054831981659,0.022359067211599293,0.11678899953534397,-0.07128105009050596,0.02083727816176259,0.057542233905041124,0.12016505829760507,0.027781714814109435,0.00018334577417356392,0.12969471678738334,0.0223661735928597,-0.044899245184188995,0.12367252278612874,0.02628654891595788,-0.053334370446387204,0.11835925386787627
18,0.03160464018583298,0.17198550701141357,-0.08594901859760284,0.023261304944753647,0.05616180971264839,0.14318440854549408,0.030471976846456528,-1.5843573919482878e-07,0.14422084391117096,0.03047197312116623,-0.056008823215961456,0.14143268764019012,0.022542667706826766,0.11685649409899743,-0.07014345345101998,0.021379289355411897,0.05758321810912732,0.12133186033570237,0.02835792537724239,0.00023212659898476894,0.13083209561496278,0.0229503781794579,-0.04486799512943315,0.12480384161125391,0.026851768019267135,-0.05328338322823184,0.11948880618906807
19,0.03160242736339569,0.17198309302330017,-0.08588798344135284,0.024339890107512474,0.056143101304769516,0.14297059178352356,0.03153468668460846,-1.6036206318403856e-07,0.1439359486103058,0.03153467923402786,-0.055983997881412506,0.1411488801240921,0.02306403586467215,0.1168336444408395,-0.07151677354683336,0.022142225863420635,0.05752981575468876,0.11993650745909495,0.029143426817669967,0.00018332897747602456,0.12941952096535725,0.023726579733884288,-0.04490187920887912,0.12340035517225159,0.027633351234997473,-0.053328269597453404,0.11807489411679081
20,0.031599972397089005,0.17197997868061066,-0.08582516014575958,0.025429289788007736,0.056123293936252594,0.142744243144989,0.03259942680597305,-1.6192466034681274e-07,0.14364010095596313,0.032599419355392456,-0.05595821142196655,0.140854150056839,0.023169437179010984,0.11691331324341417,-0.07027795378540234,0.022687880694872153,0.0575715648922898,0.1211968748361906,0.02973044957907659,0.0002338921917110718,0.13064457772478685,0.02432129883064498,-0.0448668862956978,0.12462063074629662,0.02820947197162396,-0.053274066657894054,0.11929116250275243
21,0.03159726411104202,0.17197614908218384,-0.08576064556837082,0.026528077200055122,0.05610238388180733,0.14250527322292328,0.03366539627313614,-1.6314804440753505e-07,0.14333337545394897,0.03366538882255554,-0.05593148246407509,0.14054860174655914,0.023667397020173314,0.1168910072322827,-0.07175916634210215,0.023474538085901317,0.05751420507935793,0.11969178281066455,0.03054344458752948,0.0001817123422434598,0.1291190039072912,0.02512496035153694,-0.0449040905133906,0.12310467332332285,0.029016231795892328,-0.05332252741659901,0.11776364421638924
22,0.03170446678996086,0.17193637788295746,-0.08569153398275375,0.027634931728243828,0.056080371141433716,0.14225368201732635,0.03473185375332832,-1.6402728419961932e-07,0.14301589131355286,0.034731846302747726,-0.05590381100773811,0.14023232460021973,0.02373332979897548,0.11698109352625109,-0.07042012559975201,0.024049529065026755,0.05755564341716946,0.12104479601387447,0.031164303882394426,0.00023274150903543822,0.13043133446439678,0.025752415711954676,-0.04486712861280593,0.12441293543665424,0.02962489035108449,-0.05326652348099538,0.11906608976548028
23,0.03196469321846962,0.17184649407863617,-0.08561675995588303,0.02874862030148506,0.05605724826455116,0.14198940992355347,0.03579804673790932,-1.645713325615361e-07,0.14268778264522552,0.03579803556203842,-0.05587521567940712,0.13990546762943268,0.024261298281598235,0.11695472338777717,-0.07199715459379641,0.02489447214736146,0.05748973704044338,0.11944055455735222,0.032036351093638976,0.00017223542431891135,0.1288041515626392,0.026613777650539808,-0.04491206996756172,0.12279567890916268,0.03048743409419656,-0.053323418580191476,0.11743633456611363
24,0.032365426421165466,0.17170970141887665,-0.08553670346736908,0.02986801229417324,0.056033018976449966,0.141712486743927,0.036863312125205994,-1.6480386477724096e-07,0.14234919846057892,0.0368633009493351,-0.055845707654953,0.13956817984580994,0.02434957109833879,0.11704913427801826,-0.07060539909670516,0.02550892018875774,0.05752752547120568,0.1208381839913914,0.03269415089136811,0.00021960733430313522,0.13015850000094303,0.027274761119552883,-0.044876954914611335,0.12414601747639259,0.03112940232461921,-0.053270104818070485,0.11877995896212577
25,0.03289524093270302,0.17152847349643707,-0.0854516550898552,0.0309920497238636,0.05600768327713013,0.14142291247844696,0.037927109748125076,-1.6472026231895143e-07,0.1420002430677414,0.03792709857225418,-0.05581529438495636,0.13922055065631866,0.024906780115250656,0.11701987481401618,-0.07221710138127246,0.026391249557154616,0.057455081890574036,0.11919681394268822,0.03360146937564267,0.00015255878964679946,0.12849254232736848,0.028169491601446845,-0.04492869886459243,0.12248949587502299,0.03202345811645819,-0.05333339814021386,0.11711080056505715
26,0.03354332223534584,0.17130492627620697,-0.08536193519830704,0.03211977332830429,0.05598124489188194,0.14112073183059692,0.038989193737506866,-1.643784628413414e-07,0.14164093136787415,0.03898918256163597,-0.05578397959470749,0.13886259496212006,0.025053572331450197,0.1171154507130657,-0.07082437896400233,0.027050606502044293,0.05748783490092999,0.1205879533811563,0.03429750819046693,0.00019451756126108747,0.12983940178704229,0.028863905793503696,-0.044897292828412774,0.12383195809487185,0.032698509055507884,-0.05328466121927065,0.11844632444229626
27,0.034299638122320175,0.17104074358940125,-0.08526783436536789,0.03325028344988823,0.05595370754599571,0.14080597460269928,0.04004935920238495,-1.6375501843413076e-07,0.14127127826213837,0.04004935175180435,-0.05575175955891609,0.1384943574666977,0.025631029867602073,0.11708591990850757,-0.07242073277348475,0.02794346952541688,0.057411458777441825,0.11895869726336748,0.03521117082556599,0.000123379406788427,0.12818464782735944,0.029762459174771563,-0.04495334035798459,0.12218585499848339,0.03359503166586683,-0.05335166016115193,0.1167878229347572
28,0.035154812037944794,0.17073732614517212,-0.08516958355903625,0.03438274562358856,0.055925074964761734,0.1404787003993988,0.04110730066895485,-1.628689574317832e-07,0.14089134335517883,0.04110729321837425,-0.055718645453453064,0.13811586797237396,0.025869566390407505,0.11718067855138423,-0.0710658345306392,0.028658530990697033,0.05743789576157599,0.12030407851965624,0.03595385116952711,0.00015845648980921268,0.12948575616464794,0.030497927482437473,-0.0449273623897433,0.123481920609627,0.03431062499557638,-0.053309021428698075,0.11807721464857195
29,0.03610016033053398,0.1703958511352539,-0.08506740629673004,0.0355163998901844,0.055895354598760605,0.14013896882534027,0.042162682861089706,-1.6176544193058362e-07,0.1405012011528015,0.04216267168521881,-0.055684641003608704,0.13772721588611603,0.026379142571795525,0.11715286931621317,-0.0726686615102844,0.029481007574248503,0.05735752416063722,0.11866784821349825,0.036792203183064906,8.335890601589985e-05,0.12782183029759744,0.03131864576372277,-0.044989134167768445,0.12182459868160682,0.03512684223538941,-0.05337929965994067,0.11640820820301559
30,0.03712766245007515,0.17001724243164062,-0.08496146649122238,0.03665052354335785,0.05586455017328262,0.13978686928749084,0.043215133249759674,-1.604515489361802e-07,0.14010097086429596,0.04321511834859848,-0.055649757385253906,0.13732850551605225,0.026864094897040728,0.1172409021730382,-0.07134056638411007,0.030366574279772268,0.057376321998838804,0.1199755496260391,0.03769346146552299,0.00010929059720281081,0.1290894960464626,0.03220568406544672,-0.044966519584610086,0.12308871194829521,0.03599728891425272,-0.05334542239203777,0.11766514268168432
31,0.03822985291481018,0.16960230469703674,-0.084851935505867,0.037784475833177567,0.055832669138908386,0.1394224613904953,0.0442643016576767,-1.5887748361365084e-07,0.13969075679779053,0.0442642904818058,-0.05561400577425957,0.13691984117031097,0.027127055425133034,0.11721711412999393,-0.07292691772215405,0.03095085385192832,0.05729181897123719,0.11836122138231112,0.03828718801819089,3.07122061831539e-05,0.12744263499382527,0.03277996659462841,-0.04503951699864088,0.12144323272324264,0.03655989026210646,-0.05341804585912641,0.11601076756389955
32,0.03939981386065483,0.16915170848369598,-0.08473894745111465,0.03891763091087341,0.05579972267150879,0.139045849442482,0.045309878885746,-1.571520868992593e-07,0.13927066326141357,0.04530986770987511,-0.055577389895915985,0.13650135695934296,0.027914278144690458,0.11731625040361476,-0.07156031676809962,0.03212015270778984,0.057312083879409545,0.11969573974264361,0.03946260028041705,5.772213195978952e-05,0.12873586378809174,0.033932343192292984,-0.045010880338198334,0.12273391179732465,0.03769682271294129,-0.053381491877593855,0.11729291803883075
33,0.04063111171126366,0.1686660349369049,-0.08462262898683548,0.040049441158771515,0.05576571449637413,0.1386571079492569,0.04635154828429222,-1.552403290361326e-07,0.13884080946445465,0.046351537108421326,-0.055539924651384354,0.13607312738895416,0.027861460960260057,0.11728905568973157,-0.07316008866233788,0.032402924473024876,0.05720283359937597,0.11806632460188582,0.03974303741771662,-4.435778527480446e-05,0.12706467468226612,0.0341860907397491,-0.04511448989291469,0.12105747715825499,0.03792914834557437,-0.053475089515357455,0.11560993712975182
34,0.04191781207919121,0.1681457757949829,-0.08450309187173843,0.04117938131093979,0.05573065206408501,0.13825635612010956,0.04738903418183327,-1.5317971246986417e-07,0.1384013146162033,0.04738902673125267,-0.05550161749124527,0.13563530147075653,0.028220350004579793,0.11755044808703011,-0.07152760476919504,0.0333657781906006,0.05731376044114753,0.11966218144954041,0.04068777954639654,8.133045214962211e-05,0.12857921722383947,0.03508294725578828,-0.04501556573143609,0.12255121301898741,0.038773696348161885,-0.053329321451063956,0.11710189316719102
35,0.043254390358924866,0.1675914227962494,-0.08438042551279068,0.04230697080492973,0.05569455027580261,0.13784368336200714,0.048422083258628845,-1.509840785729466e-07,0.1379522830247879,0.04842207580804825,-0.05546247959136963,0.13518798351287842,0.029109725695487622,0.11741530436648254,-0.07369709348853397,0.034556625543467556,0.05707535344291048,0.11740174463572185,0.041865136738311964,-0.0001531034461503553,0.12628454008089857,0.03620659026806617,-0.04519791422725246,0.12027393094549534,0.03990752220568071,-0.053552621899405795,0.11479872990214812
36,0.04463571310043335,0.16700336337089539,-0.08425472676753998,0.04343175143003464,0.055657416582107544,0.137419193983078,0.04945046827197075,-1.4862403929782886e-07,0.13749383389949799,0.049450457096099854,-0.055422522127628326,0.13473127782344818,0.028877108181895483,0.11772006577794053,-0.07183391552483047,0.03466871095918025,0.0572440217753295,0.1192311330351791,0.04192473970649588,2.8667337571600462e-05,0.12804649547534927,0.03621151825893297,-0.04504895215335478,0.12201042319250828,0.03985454911769534,-0.05335164788971387,0.11654118802530787
37,0.04605703428387642,0.16638199985027313,-0.0841260775923729,0.04455331712961197,0.0556192584335804,0.1369829922914505,0.05047396570444107,-1.4617091892432654e-07,0.13702607154846191,0.05047396197915077,-0.05538174882531166,0.13426528871059418,0.03050259277020937,0.11752626346337113,-0.0741539323897077,0.03659267184235858,0.056940548607817824,0.11681090736067898,0.04382324689341001,-0.0002716203255877605,0.12559043856527652,0.03804784847783866,-0.045297950377974544,0.11957177448658711,0.04169999670200399,-0.05363785440472575,0.11407722953337138
38,0.0475139245390892,0.16572770476341248,-0.0839945450425148,0.04567129537463188,0.05558008328080177,0.13653519749641418,0.05149238556623459,-1.436085881323379e-07,0.13654910027980804,0.05149238184094429,-0.055340178310871124,0.13379013538360596,0.030054671858688896,0.11782414977527766,-0.07242025159819601,0.03628375549339499,0.0571123682557867,0.11850154127362889,0.0434323906833972,-8.834322532871213e-05,0.12722624446804842,0.03759207625857587,-0.04514368422393242,0.12118309815335973,0.04118677693897532,-0.05343506560247687,0.11569755276616105
39,0.049002304673194885,0.16504082083702087,-0.08386020362377167,0.046785321086645126,0.05553990229964256,0.1360759139060974,0.052505556493997574,-1.4094210598614154e-07,0.13606303930282593,0.05250554904341698,-0.05529781058430672,0.13330592215061188,0.033522416625478654,0.11525339010654286,-0.0731042596789381,0.04182423019693571,0.05598825247744717,0.11670485767371205,0.04766232829278154,-0.00029206297052914755,0.12461716614316802,0.040750832382164315,-0.04469393470435985,0.11945763751712841,0.04374077816402458,-0.05251358732036837,0.1140203521241383
40,0.05051836743950844,0.16432172060012817,-0.08372311294078827,0.04789505898952484,0.05549873039126396,0.13560526072978973,0.0535133071243763,-1.3822634059579286e-07,0.13556797802448273,0.0535132996737957,-0.05525466054677963,0.1328127533197403,0.03430311689811191,0.11566119662036242,-0.07369043638926658,0.04242917357888372,0.056000137919030565,0.11597474376207323,0.04826354811287037,-0.00029370349665493417,0.12375270907117229,0.041361142499160036,-0.04467344373991382,0.11849264992370216,0.044312739553972955,-0.05250591569856299,0.11304409360430046
41,0.05205858498811722,0.16357073187828064,-0.08358332514762878,0.049000222235918045,0.05545657128095627,0.1351233273744583,0.05451551452279091,-1.3541114185500192e-07,0.1350640058517456,0.05451550707221031,-0.05521073564887047,0.13231070339679718,0.03511240230182014,0.11573693093371293,-0.0727523344589607,0.04321194537148733,0.05590411037415595,0.1168148471632747,0.04904201011057251,-0.0003945043795032465,0.12454055164028678,0.04212539765108436,-0.04471727060837344,0.11926321129644983,0.0450763717085895,-0.05260167938777946,0.11379011519770196
42,0.05361965671181679,0.16278821229934692,-0.08344090729951859,0.050100501626729965,0.05541343614459038,0.1346302628517151,0.055512018501758575,-1.3250414099275076e-07,0.1345512568950653,0.05551200360059738,-0.05516604334115982,0.13179990649223328,0.036178757355117365,0.11575358139563388,-0.07410684585202401,0.04423181177577975,0.05579074829922634,0.11541537674071105,0.05005192802468565,-0.0005132549804833955,0.12309079635986352,0.043132009787736375,-0.04482981777311787,0.11777783207964984,0.04606434724666672,-0.05271588146443958,0.11230147772015164
43,0.0551985502243042,0.16197450459003448,-0.08329589664936066,0.051195643842220306,0.055369339883327484,0.13412615656852722,0.05650269240140915,-1.2955980821516278e-07,0.1340298056602478,0.056502681225538254,-0.055120594799518585,0.13128045201301575,0.036876747716381414,0.11594700172466978,-0.0728362139159091,0.04479591583968694,0.05584292190788672,0.11663537538981246,0.050598880040128524,-0.0004659098330107212,0.12425874803841647,0.043676392094212466,-0.04477540521193656,0.11890452994183315,0.046589368771693486,-0.05266267268439655,0.11342592634116005
44,0.05679239705204964,0.16112998127937317,-0.08314835280179977,0.05228542536497116,0.05532428249716759,0.13361111283302307,0.05748743936419487,-1.265590157117913e-07,0.13349975645542145,0.05748743191361427,-0.05507439374923706,0.13075239956378937,0.037789770687794086,0.11587211711787657,-0.07443912954448875,0.0456407192250098,0.05565770148805402,0.11497831896599622,0.05142636903988321,-0.000655865607608906,0.12256207454587713,0.044493099088392725,-0.044948771846625914,0.11718337314517648,0.04739310762298872,-0.05284795599164201,0.11169812615462424
45,0.058398593217134476,0.16025497019290924,-0.08299830555915833,0.053369589149951935,0.05527828261256218,0.13308528065681458,0.05846615880727768,-1.2354603029507416e-07,0.1329611837863922,0.05846615508198738,-0.05502745136618614,0.13021588325500488,0.038439353172493126,0.11620224967339164,-0.07302020705398517,0.04588222438148937,0.05577309754997965,0.11634003549675018,0.05161349772863291,-0.0005491279905306193,0.12383644005167571,0.04468064407266166,-0.04486990092412979,0.11836493482524746,0.04753038256289558,-0.05272906928160377,0.112895690419338
46,0.06001466140151024,0.15934985876083374,-0.08284581452608109,0.054447922855615616,0.05523134768009186,0.1325487494468689,0.059438735246658325,-1.2048988651258696e-07,0.13241419196128845,0.059438735246658325,-0.054979775100946426,0.12967096269130707,0.03927746091654578,0.11628641839060724,-0.07472282131744329,0.046426446846341375,0.05567204848110974,0.11453842569008504,0.05210623537227015,-0.0006572065122838727,0.12196395346086933,0.04515648622176936,-0.04495886848535763,0.11643769780794992,0.047973971261498494,-0.05282598398179234,0.11096479990752972
47,0.06163831055164337,0.15841498970985413,-0.08269090205430984,0.05552024394273758,0.05518348515033722,0.1320016235113144,0.06040509045124054,-1.1741917660401668e-07,0.13185887038707733,0.06040508672595024,-0.05493137240409851,0.12911775708198547,0.0407313332604511,0.11673185075858036,-0.07331965775379769,0.0476635919245957,0.05598124537679033,0.11584888291371698,0.05329420558504907,-0.00035108719006848757,0.12321640500133772,0.04632779889262062,-0.04463565123910758,0.11764977212316614,0.04911548095093415,-0.05250777363712477,0.11217414563131087
48,0.06326739490032196,0.15745076537132263,-0.08253362774848938,0.056586362421512604,0.05513470619916916,0.13144400715827942,0.06136513501405716,-1.1430725521677232e-07,0.13129529356956482,0.06136513128876686,-0.05488225072622299,0.12855632603168488,0.041590545546780176,0.11713277923620871,-0.07493013542611351,0.0483519394577821,0.056301604326416094,0.11415757675924693,0.05393764291884441,-3.1796127027411544e-05,0.12148292831961971,0.046956659743842916,-0.04430106909814743,0.1158905582955147,0.04971778997574695,-0.05217803458653475,0.11041347820589795
49,0.06489994376897812,0.1564575433731079,-0.08237401396036148,0.05764609947800636,0.055085018277168274,0.13087604939937592,0.06231881305575371,-1.1116727449689279e-07,0.13072355091571808,0.06231880560517311,-0.05483241751790047,0.12798677384853363,0.04315882082307072,0.11648118989247946,-0.07386172768960798,0.04995318641099066,0.05549194527668652,0.11510768707925631,0.05551457206901647,-0.000844568655356339,0.12237813676297048,0.048511170234765734,-0.0450676896320578,0.11676852289978665,0.05126642269318248,-0.05297706421874479,0.11127089714482401
50,0.06653409451246262,0.1554356962442398,-0.08221209794282913,0.05869929492473602,0.05503443628549576,0.13029782474040985,0.06326603144407272,-1.0802558136902007e-07,0.13014373183250427,0.06326602399349213,-0.05478188022971153,0.1274091601371765,0.049194246439674245,0.11321756892504763,-0.07289365286244523,0.05183109115296994,0.05503634193342644,0.11396263486241567,0.05667544387595261,-0.0010297271052056322,0.12051233554583557,0.05018445751210159,-0.04494475842378916,0.11471939030601987,0.05214309282098505,-0.05273744591212232,0.10940867582984676
51,0.06816814839839935,0.15438561141490936,-0.08204790949821472,0.059745803475379944,0.05498296394944191,0.12970945239067078,0.06420674175024033,-1.0487917023738191e-07,0.12955591082572937,0.06420674175024033,-0.054730646312236786,0.1268235743045807,0.04984052309702118,0.11314827996889368,-0.07347343768364997,0.05243710635587437,0.05488597128385973,0.11328358219231092,0.05728678449153144,-0.0011823436878402325,0.11981139311014993,0.05079505407808002,-0.04505181599733642,0.11401995236715035,0.05275386221899769,-0.05288949996406553,0.10869171247046693
52,0.06980043649673462,0.1533076912164688,-0.08188149333000183,0.06078546866774559,0.05493061617016792,0.12911103665828705,0.06514088064432144,-1.0174125009143609e-07,0.12896016240119934,0.06514088064432144,-0.054678719490766525,0.12623009085655212,0.05090140128227918,0.11322627349212948,-0.07301568946643501,0.053233622352507295,0.054959513200803556,0.11375060187398303,0.058082005881506374,-0.0011123274698125487,0.12024189929425103,0.051615962004609835,-0.0450247082691865,0.11439748051554273,0.05354578038125234,-0.05281842221989887,0.1090924638331788
53,0.07142952084541321,0.1522022783756256,-0.08171287178993225,0.061818163841962814,0.054877396672964096,0.12850268185138702,0.0660683885216713,-9.862736760624102e-08,0.12835657596588135,0.0660683810710907,-0.054626110941171646,0.12562879920005798,0.05172811458349082,0.11306936937002016,-0.07426127868661826,0.05403139275952886,0.05475824348737125,0.11243710446239163,0.05887761881043793,-0.0013155929497113174,0.11891110196743633,0.05240329095354535,-0.04517795356675351,0.11307468436813078,0.054334927330556344,-0.05302005078138518,0.10775009385434342
54,0.07305391132831573,0.15106981992721558,-0.08154208958148956,0.06284375488758087,0.05482332035899162,0.12788450717926025,0.06698919832706451,-9.548980273166308e-08,0.12774521112442017,0.06698919832706451,-0.05457282438874245,0.12501975893974304,0.05225297806332745,0.11317385528550977,-0.07315282133960788,0.054247994904476196,0.054879153952662296,0.11354457900030697,0.059081897580029755,-0.0011966387485881612,0.11998902926343687,0.052630656852322474,-0.04510614357473366,0.1141012481830655,0.05453441972199828,-0.05289775545745876,0.10880243762221975
55,0.07467231154441833,0.14991068840026855,-0.08136915415525436,0.0638621374964714,0.0547683909535408,0.1272566020488739,0.06790327280759811,-9.238066667194289e-08,0.12712615728378296,0.06790326535701752,-0.054518867284059525,0.12440305948257446,0.053271276360067524,0.11299713076440934,-0.07491307190851434,0.05529000474588526,0.054668223294025604,0.11171290093579617,0.06012102121338446,-0.001408801522060031,0.11814164052744672,0.05365974499425662,-0.04527032366857282,0.11226524124064557,0.05556529870967215,-0.053107145720415534,0.10694722333463023
56,0.07628349959850311,0.14872528612613678,-0.08119411766529083,0.06487318873405457,0.05471261963248253,0.12661905586719513,0.06881055235862732,-8.929201555929467e-08,0.1264994740486145,0.06881054490804672,-0.054464247077703476,0.12377876788377762,0.053496131766645354,0.1131167296320338,-0.0736246001712101,0.0553086106374943,0.05481978955461054,0.11298863419184754,0.060129501473591765,-0.0012564588388694468,0.11939345756340916,0.053690741536877765,-0.045163773377998664,0.11347543018512697,0.055572769335649586,-0.05294898153243005,0.1081814353955396
57,0.07788632810115814,0.1475139856338501,-0.08101699501276016,0.0658767968416214,0.0546560138463974,0.12597200274467468,0.06971100717782974,-8.622647129641337e-08,0.12586525082588196,0.06971099972724915,-0.0544089674949646,0.12314695864915848,0.05472746090923706,0.11288334149302795,-0.07552388513757492,0.05662959587292616,0.054553261262487114,0.11101096848859404,0.06144816516581435,-0.0015234218468986958,0.11739953274092445,0.05499795977770916,-0.04538366141308936,0.11149544880567333,0.05688217126487674,-0.05321157510950709,0.1061817855318917
58,0.0794796571135521,0.14627721905708313,-0.08083780854940414,0.06687286496162415,0.05459858477115631,0.12531553208827972,0.07060457020998001,-8.317866928564399e-08,0.1252235472202301,0.07060456275939941,-0.05435303598642349,0.12250769883394241,0.054714244984653826,0.11299894636417003,-0.07426542370021538,0.05649742896834331,0.05470990234817142,0.11223903865325588,0.06130620115410384,-0.0013637564231038656,0.11860809611920536,0.05487725638699801,-0.04526924087488146,0.11267002815860742,0.056740982874792,-0.05304370904896275,0.10737924951035313
59,0.08106249570846558,0.14501537382602692,-0.08065660297870636,0.06786130368709564,0.05454033985733986,0.12464972585439682,0.07149119675159454,-8.015633312652426e-08,0.1245744526386261,0.07149118185043335,-0.05429646372795105,0.12186107784509659,0.05599595330722949,0.11276820722049981,-0.07606191259545034,0.05790728353859056,0.05445552873488845,0.11036133299230297,0.06271306939492147,-0.0016174465608136184,0.11671445104952566,0.05627324497918293,-0.04548080400025038,0.11079076197649262,0.058138320096867376,-0.05329140180318637,0.10548209790558646
60,0.08263392746448517,0.1437288224697113,-0.08047337830066681,0.06884200870990753,0.05448128655552864,0.12397469580173492,0.07237087935209274,-7.716611349906088e-08,0.12391800433397293,0.07237087190151215,-0.05423924699425697,0.12120712548494339,0.055924264393214226,0.11288493922978766,-0.07480070805181663,0.0578021923077787,0.05461873818725389,0.11157066662314453,0.0625973593293202,-0.0014492042608700443,0.11790797759034657,0.0561757405402573,-0.04535343816588178,0.11195888848854947,0.058023277023602146,-0.053112606279617273,0.10667048490283962
61,0.08419299125671387,0.1424179971218109,-0.08028817921876907,0.06981490552425385,0.05442143604159355,0.1232905313372612,0.07324355840682983,-7.422986669780585e-08,0.12325428426265717,0.07324355095624924,-0.05418139696121216,0.12054592370986938,0.05714511188111586,0.11263277734530883,-0.07661980247951158,0.05918203400492043,0.05434861381056681,0.10966832540454757,0.0639733735428299,-0.0017178242852283095,0.11599098576805222,0.057540037762090386,-0.04558016652117693,0.11005861838507644,0.059389562440949735,-0.05337408818591537,0.10475208158754497
62,0.08573887497186661,0.1410832703113556,-0.08010103553533554,0.07077989727258682,0.05436079576611519,0.1225973442196846,0.07410918921232224,-7.130713441938497e-08,0.12258335947990417,0.07410918921232224,-0.0541229210793972,0.11987755447626114,0.05703077609771122,0.11274620532939761,-0.07532904155339218,0.05910460261169188,0.054514454910926984,0.11088944596407298,0.06388349419750733,-0.0015451581122570696,0.11719958151805966,0.05746603425474557,-0.04544866613835111,0.1112473687504723,0.05929949861720836,-0.05318860701548458,0.10596060411097526
63,0.08727075159549713,0.13972507417201996,-0.079911969602108,0.0717368945479393,0.05429937317967415,0.12189523130655289,0.07496773451566696,-6.842401489848271e-08,0.12190530449151993,0.07496772706508636,-0.0540638193488121,0.11920207738876343,0.058208451681490816,0.1124835410905027,-0.07720229647404725,0.06046747137357565,0.05424005208499383,0.10893135886260918,0.06524142398909316,-0.001817303048437914,0.11522841217844924,0.058811221722966156,-0.04567889057243724,0.10929536064317395,0.060647174460431816,-0.05345264037185056,0.10399019127975731
64,0.08878787606954575,0.13834376633167267,-0.07972100377082825,0.07268583029508591,0.05423717945814133,0.12118427455425262,0.07581916451454163,-6.557048948252486e-08,0.1212201789021492,0.07581915706396103,-0.05400410667061806,0.11851955950260162,0.05805044522666339,0.11259718928688384,-0.07587575003757482,0.06040420369118546,0.05441121754749265,0.11017003119817984,0.06516318826903689,-0.0016376626898119031,0.11645777477471243,0.05874653997859022,-0.0455410109899477,0.11050959490548604,0.06056749350582168,-0.05325804070527599,0.10522401820613753
65,0.09028952568769455,0.13693979382514954,-0.07952815294265747,0.07362664490938187,0.05417421832680702,0.12046455591917038,0.07666344195604324,-6.274198938172049e-08,0.12052804231643677,0.07666343450546265,-0.053943779319524765,0.1178300604224205,0.059196378233286676,0.11232095168882848,-0.07779831621095479,0.06175766657109217,0.05412924865713376,0.10816060258180882,0.06651029309265745,-0.0019166537184067503,0.11443659544031436,0.060079965368380665,-0.045778505630351816,0.10850947203982711,0.061903600682919294,-0.05352789038374301,0.10320547068520451
66,0.09177505970001221,0.1355135142803192,-0.07933346182107925,0.07455923408269882,0.05411050096154213,0.1197362020611763,0.07750052213668823,-5.995430285565817e-08,0.1198289692401886,0.07750051468610764,-0.05388284847140312,0.11713364720344543,0.059002119208836405,0.11243641655310582,-0.07643020862399993,0.061706407632269346,0.05430647500344466,0.10942171557953881,0.06644111856153344,-0.0017294047512967851,0.11569155280463875,0.06002193385330973,-0.04563316374638067,0.10975366169456047,0.06183145108173918,-0.053323631183975026,0.10446901931375496
67,0.093243807554245,0.13406534492969513,-0.07913695275783539,0.07548356801271439,0.05404603108763695,0.11899927258491516,0.0783303752541542,-5.72092417883141e-08,0.11912301927804947,0.07833036780357361,-0.053821317851543427,0.1164303869009018,0.06012034056019708,0.11214573085784614,-0.0784052420390084,0.06305091394003452,0.05401592540055814,0.10735756740146563,0.06777769129407335,-0.002016287954015641,0.11361695264215343,0.06134391852754548,-0.045879023047845226,0.1077017866468445,0.0631561830224066,-0.053600359815880266,0.10239876963526606
68,0.09469515830278397,0.13259568810462952,-0.07893864065408707,0.0763995423913002,0.05398082360625267,0.11825387924909592,0.07915297150611877,-5.450162632314459e-08,0.11841025948524475,0.07915296405553818,-0.053759194910526276,0.11572033166885376,0.059895726728581525,0.11226390221363843,-0.07699176984930714,0.06300949419663442,0.05419967823496329,0.10864447555758511,0.06771518244991875,-0.0018210365722189418,0.11490083921026284,0.0612902192628267,-0.04572580443505733,0.10897884802599045,0.06308906146687976,-0.05338612336159473,0.1036950560782841
69,0.09612856805324554,0.1311049461364746,-0.07873854786157608,0.07730710506439209,0.053914882242679596,0.11750011891126633,0.07996828109025955,-5.18034255492239e-08,0.11769073456525803,0.07996827363967896,-0.05369648337364197,0.1150035485625267,0.06110811557496526,0.11202553746697856,-0.07906934290278117,0.06446420728454293,0.05401532425348237,0.10649656924643718,0.0691612783838789,-0.001999683511741894,0.11275796663691191,0.06272012249250411,-0.04586351005523258,0.10687224502377586,0.0645224953565344,-0.05355670628822806,0.10157096721844486
70,0.09754349291324615,0.12959349155426025,-0.07853669673204422,0.07820619642734528,0.05384821817278862,0.11673806607723236,0.08077625930309296,-4.917030693718516e-08,0.11696452647447586,0.08077625185251236,-0.0536331869661808,0.114280104637146,0.061552104075487876,0.11193776144732723,-0.07782991223861953,0.06504512126631787,0.05404176669247652,0.10768890533660375,0.06973075691831275,-0.0019639612497587304,0.11397349974873588,0.06328707750795493,-0.04583259756639097,0.10811413070286349,0.06508688435899375,-0.05351477901818373,0.1028169152705951
71,0.0989394336938858,0.1280616968870163,-0.07833310961723328,0.07909674197435379,0.05378083512187004,0.11596781760454178,0.0815768837928772,-4.657822572085024e-08,0.11623167991638184,0.0815768763422966,-0.05356931313872337,0.11355005204677582,0.06191635534531911,0.11146506817690319,-0.07964724226719808,0.0655652089467946,0.05368692924352289,0.10583879636448303,0.07024134910107893,-0.002311289917444676,0.112148764419469,0.06379095049003489,-0.04617765300090204,0.106321372228397,0.06558966875146233,-0.053858220543401836,0.10102482274379244
72,0.10031584650278091,0.12651003897190094,-0.07812781631946564,0.07997868955135345,0.053712740540504456,0.11518946290016174,0.0823701024055481,-4.401251985086674e-08,0.11549228429794312,0.0823700875043869,-0.05350486934185028,0.11281347274780273,0.062367151705339914,0.11161708445045894,-0.07835948356897371,0.06632223337627413,0.0543824881711437,0.10711260539104846,0.07097161472595387,-0.0015840292214910172,0.11355688404281872,0.06452520039596553,-0.0455250655258007,0.10783051908081265,0.06631176060004838,-0.05312930915300402,0.10257557870557703
73,0.10167230665683746,0.12493885308504105,-0.0779208317399025,0.0808519795536995,0.05364394932985306,0.11440309882164001,0.08315589278936386,-4.14964915762539e-08,0.11474637687206268,0.08315587788820267,-0.05343985557556152,0.11207040399312973,0.062913374143617,0.11020573476961511,-0.08091377155913097,0.06703414168642584,0.05299798398772801,0.1044887141349159,0.07167352126569776,-0.002964738932197123,0.1109363066438846,0.0652073836160894,-0.04684966467933971,0.10524630242226655,0.06700196863656907,-0.054503252888201854,0.09996733370660486
74,0.10300836712121964,0.12334854900836945,-0.07771219313144684,0.08171655237674713,0.05357446148991585,0.11360879987478256,0.0839342251420021,-3.9015983333001714e-08,0.11399403214454651,0.08393421024084091,-0.053374283015728,0.11132092028856277,0.07275763103932867,0.10402188485030081,-0.07513476896863924,0.07047558409830744,0.053652303679126934,0.10292801432524572,0.07359082469414027,-0.0016380136951531237,0.10948518580403642,0.06731217870820004,-0.04582328928635002,0.10378416340841225,0.06841800344845406,-0.05243633511574998,0.09911147504195678
75,0.1043236255645752,0.12173950672149658,-0.07750190049409866,0.082572340965271,0.05350428819656372,0.11280667781829834,0.08470506221055984,-3.658955094465455e-08,0.11323530226945877,0.08470504730939865,-0.05330815538764,0.11056508123874664,0.07343840614725022,0.10411832287951164,-0.07622278891201108,0.07119717823532609,0.05390562454030945,0.10177325546847091,0.07435687237813471,-0.0013770987689886252,0.10834428947512578,0.06811650231540796,-0.04557445118476736,0.10266047998546934,0.06921697068726851,-0.052179881071855776,0.09799994027901494
76,0.10561763495206833,0.12011215090751648,-0.07728999853134155,0.0834193006157875,0.053433436900377274,0.11199679970741272,0.0854683667421341,-3.4176316887624125e-08,0.11247024685144424,0.0854683518409729,-0.05324147269129753,0.10980293899774551,0.07423418057161323,0.10358821210869523,-0.07572937972894166,0.07204592625974578,0.05340372027975135,0.10222161011539305,0.07521795305636549,-0.0018765147153442777,0.10879090468379363,0.06898120861310472,-0.0460243584554393,0.10313090663634014,0.07008469212244366,-0.05267839332816608,0.0984520782411223
77,0.10689003765583038,0.11846686154603958,-0.0770765021443367,0.08425737172365189,0.0533619187772274,0.11117926239967346,0.08622411638498306,-3.179922458684814e-08,0.1116989254951477,0.08622410148382187,-0.05317424610257149,0.10903456062078476,0.07456410390394244,0.10318283785188986,-0.07695675221151381,0.07242183333251301,0.05316080049983056,0.10099899160718297,0.07561013505244424,-0.0021125738154625364,0.10759672984111954,0.06938702255183374,-0.046277315830406146,0.10196021231628528,0.07048813424606895,-0.05291808559514127,0.09729221318910214
78,0.1081404760479927,0.11680402606725693,-0.07686145603656769,0.08508649468421936,0.053289733827114105,0.11035415530204773,0.08697228133678436,-2.943465204907625e-08,0.11092139780521393,0.08697227388620377,-0.05310647934675217,0.10825998336076736,0.07532298881287539,0.1030133712803104,-0.07637290927714938,0.07323924303439627,0.053541233051843336,0.10163482196424775,0.07646405132768791,-0.0017075734318425114,0.10834796165904116,0.07027843474840559,-0.045946501003881375,0.1027916078499555,0.07137427639830173,-0.05252734982654622,0.09816570307651648
79,0.10936859250068665,0.11512403935194016,-0.07664486765861511,0.08590661734342575,0.05321689695119858,0.10952158272266388,0.08771280944347382,-2.7124377410814304e-08,0.11013773828744888,0.08771280199289322,-0.05303817614912987,0.10747930407524109,0.07551325385506749,0.10200961715838447,-0.07818908264380069,0.07349245987050597,0.05261402885770768,0.09977096401345008,0.07672448431639056,-0.002630307958990793,0.10649905523197253,0.07053771457268884,-0.04681867448803741,0.10098104070454622,0.0716380028948115,-0.05345030782254516,0.09633706213359287
80,0.11057406663894653,0.11342727392911911,-0.07642675936222076,0.08671770244836807,0.05314341187477112,0.10868159681558609,0.08844568580389023,-2.4841300572120417e-08,0.10934798419475555,0.08844567835330963,-0.05296934396028519,0.10669255256652832,0.07555825653588778,0.10175415386592912,-0.07729194187552252,0.07355617024533057,0.05310223543354175,0.10074423705527441,0.07681805292808233,-0.0021075475859101698,0.10764122446110427,0.07066836668086857,-0.046389584780697726,0.10223983869649284,0.07176588367520899,-0.0529459019071223,0.09764861678428483
81,0.1117565855383873,0.11171413213014603,-0.07620716094970703,0.08751967549324036,0.05306928977370262,0.10783430933952332,0.08917088061571121,-2.2577705038884233e-08,0.10855220258235931,0.08917087316513062,-0.052899982780218124,0.10589979588985443,0.07658267548178631,0.10108789978133435,-0.07950495373650994,0.07472959594816773,0.05265225101797066,0.09849915456404712,0.07800149429460584,-0.0025461083407132008,0.1054463148777563,0.07184976171892196,-0.04679178363233015,0.10011258659380373,0.07295133993182673,-0.05338781753964244,0.09551094659371787
82,0.11291582882404327,0.10998501628637314,-0.0759861096739769,0.08831248432397842,0.052994534373283386,0.10697981715202332,0.08988833427429199,-2.0387506793895227e-08,0.10775046795606613,0.0898883268237114,-0.052830107510089874,0.10510110855102539,0.07697974526948656,0.10090465753241513,-0.07842250643212373,0.0751677477010279,0.05292278670450328,0.0996078637745688,0.07845222554723855,-0.002252691170747052,0.10666156698616154,0.07231484425373512,-0.04653262428258588,0.10141217267715313,0.07341787856351782,-0.0531037960194287,0.0968328976348768
83,0.11405149102210999,0.10824033617973328,-0.07576362788677216,0.08909610658884048,0.05291915684938431,0.10611817985773087,0.09059804677963257,-1.822106554527636e-08,0.1069428101181984,0.09059804677963257,-0.05275971069931984,0.10429652780294418,0.07733247074761292,0.10005768912394333,-0.08048628094702694,0.07561331166877208,0.052330849946226214,0.09753790321283007,0.07890389761951741,-0.0028316926941984568,0.10465025225098502,0.07276769595040218,-0.04710886227077322,0.09945966117931333,0.07387323181964905,-0.05368640562095723,0.09488374228648513
84,0.11516330391168594,0.10648047924041748,-0.0755397379398346,0.08987046033143997,0.052843160927295685,0.10524950176477432,0.09129994362592697,-1.6114531931066267e-08,0.10612933337688446,0.09129994362592697,-0.05268881097435951,0.10348614305257797,0.07712173900389985,0.09651829917597729,-0.0828044794128344,0.07583609355869968,0.0539082304283732,0.0954073758952491,0.07921835071575499,-0.0009810593878606328,0.10374479667086585,0.07319095511038161,-0.0455414779639629,0.09956182358631091,0.07433534284284368,-0.05191931425790981,0.09518966949074573
85,0.11625099927186966,0.10470584034919739,-0.075314462184906,0.0906355008482933,0.05276655778288841,0.10437388718128204,0.0919940397143364,-1.401277938128942e-08,0.10531004518270493,0.0919940397143364,-0.052617404609918594,0.10266996920108795,0.0789730575139945,0.09571991387344288,-0.08114133326441161,0.07778518877253848,0.053000050459762076,0.096894634582204,0.08116805746804089,-0.001887265678693967,0.10518162356844964,0.07513564968128278,-0.04640246561986001,0.10098308475331116,0.07628199256702484,-0.05281073210644132,0.0965925317717162
86,0.11731433123350143,0.10291680693626404,-0.07508783042430878,0.0913911908864975,0.05268935486674309,0.1034914031624794,0.09268028289079666,-1.197426691135206e-08,0.10448502004146576,0.09268028289079666,-0.052545495331287384,0.10184808820486069,0.08385464122947967,0.088831457556096,-0.0771365705257933,0.07925891123733145,0.05301143412906748,0.09383719161999186,0.08261043234728803,-0.0012665268322441755,0.10136921413420279,0.07698514650472864,-0.04607833682939773,0.09671876613298544,0.07809551570392917,-0.05154167036715066,0.09270173241136609
87,0.11835303902626038,0.10111377388238907,-0.0748598724603653,0.09213747829198837,0.05261155590415001,0.10260213911533356,0.09335862845182419,-9.94585835911721e-09,0.10365432500839233,0.09335862845182419,-0.05247309431433678,0.10102055221796036,0.08465046030147319,0.08884970643794249,-0.07731339781984059,0.07966050560294377,0.0530045751418477,0.09355154526847363,0.08300720556072462,-0.0012787944730115047,0.10102216209981654,0.07740277043213922,-0.04609219557537238,0.09630618342717696,0.07847358886028247,-0.05156019843030532,0.09231655496740378
88,0.11936690658330917,0.09929714351892471,-0.07463061809539795,0.09287429600954056,0.05253317579627037,0.10170619934797287,0.09402904659509659,-7.941385327114858e-09,0.10281803458929062,0.09402904659509659,-0.05240020528435707,0.10018744319677353,0.0855296707243372,0.08867326142743624,-0.077804498000885,0.08023618659960483,0.05297237799071525,0.09297941218255283,0.08357934481428564,-0.0013082776807412772,0.10043859529930027,0.07799163840586074,-0.04613016840859304,0.09570179755385788,0.07902919693723273,-0.051598445670625596,0.09174036474178451
89,0.12035570293664932,0.09746730327606201,-0.07440008968114853,0.09360163658857346,0.05245421454310417,0.10080363601446152,0.09469150751829147,-5.9696581011792205e-09,0.101976178586483,0.09469150751829147,-0.052326831966638565,0.09934878349304199,0.08642341703916104,0.0880718508653992,-0.07808078058975314,0.08087477675608591,0.05262131503839408,0.09263038075167236,0.0842137156936249,-0.0016513509500342433,0.1001068017234153,0.07863960509642974,-0.04648619387562549,0.09537473992287979,0.07964850209555223,-0.05195040224284174,0.09144186148813996
90,0.12131921201944351,0.095624640583992,-0.07416831701993942,0.09431938827037811,0.052374690771102905,0.09989460557699203,0.09534601122140884,-4.041344148220105e-09,0.10112879425287247,0.09534601122140884,-0.05225297436118126,0.09850462526082993,0.08685442022421164,0.08746111040413528,-0.07865560702578944,0.08104658974731441,0.05240825754540916,0.09198758049048712,0.08438147596837761,-0.0018494786046044254,0.09951923345701412,0.07882187384263381,-0.04670361004426492,0.0948227969881554,0.07980538271292854,-0.05215967187483888,0.09092203938628525
91,0.12225724756717682,0.09376953542232513,-0.07393533736467361,0.09502755105495453,0.05229460075497627,0.09897913783788681,0.09599248319864273,-2.123381026564175e-09,0.10027596354484558,0.09599248319864273,-0.05217864736914635,0.0976550430059433,0.08789187286771671,0.08705481687379887,-0.07856679788223106,0.08190385878853973,0.052497417823692216,0.09201247573748023,0.08523590246127802,-0.0017397934887794376,0.09962569211559046,0.07968734435471662,-0.046616935243834326,0.09499027618561662,0.08065030559650331,-0.05206064607116776,0.09112128265649717
92,0.12316958606243134,0.09190244227647781,-0.07370118051767349,0.09572610259056091,0.05221395567059517,0.09805731475353241,0.09663092344999313,-2.4365962025818533e-10,0.09941773116588593,0.09663093090057373,-0.05210384353995323,0.0968000739812851,0.08775668721126388,0.08656877340929732,-0.07994294738596748,0.08157686791261021,0.052570320263282705,0.09057470763783909,0.08490598586398909,-0.001643057926317968,0.0982894994458089,0.0793692528333307,-0.04654527821814175,0.09373095257403691,0.08031734904572874,-0.051974457546774294,0.08989313533219823
93,0.12405608594417572,0.09002366662025452,-0.07346587628126144,0.09641491621732712,0.05213276669383049,0.09712928533554077,0.09726125746965408,1.606492605610299e-09,0.09855418652296066,0.09726126492023468,-0.052028581500053406,0.09593981504440308,0.08954277223395057,0.08626785284820797,-0.07895371166623444,0.08330457842380162,0.05285767187014748,0.09149598577406028,0.08663130912508601,-0.0013286580488767754,0.09931779636418944,0.08109890198892188,-0.046256567416981385,0.09484724189268108,0.08203568772605334,-0.05166686303774535,0.09103758266447567
94,0.12491652369499207,0.08813367038965225,-0.07322945445775986,0.09709399193525314,0.05205104127526283,0.09619511663913727,0.09788349270820618,3.4100349211030334e-09,0.09768533706665039,0.09788350015878677,-0.05195285379886627,0.09507427364587784,0.0886988558542141,0.08476812973709931,-0.08102773063242559,0.08237681466444804,0.051559787248715135,0.08937630795059906,0.08569797110812152,-0.0026181564252942633,0.0972268269838873,0.08016629968356775,-0.047510417646568555,0.09279248048940156,0.08110042430580432,-0.05295598933409731,0.08897804403945991
95,0.12575076520442963,0.08623283356428146,-0.07299194484949112,0.09776327013969421,0.051968783140182495,0.09525489807128906,0.09849758446216583,5.204732200780882e-09,0.09681126475334167,0.09849758446216583,-0.051876671612262726,0.09420352429151535,0.09055474916001037,0.08261978438690279,-0.08284994957533495,0.08370893866147498,0.053328357842938205,0.08698972940551099,0.08700792005635084,-0.0006573127366068444,0.09560114152305933,0.08150815156087647,-0.04575475680847691,0.09177239470994074,0.0824225363889073,-0.05101848096883461,0.08813225826949976
96,0.12655861675739288,0.0843215361237526,-0.07275337725877762,0.09842272847890854,0.05188600718975067,0.09430870413780212,0.09910350292921066,6.930983342812169e-09,0.0959319993853569,0.09910350292921066,-0.051800038665533066,0.0933276116847992,0.09098741353422451,0.081480695451924,-0.08097260330957474,0.08411468750112426,0.05210356301309413,0.08876036086690423,0.08740887451047913,-0.0018842058331649762,0.09733711386350125,0.0819073847213544,-0.0469183877915201,0.09349925134949802,0.08282153701546836,-0.0522375505337461,0.0898387741133626
97,0.1273399442434311,0.08240020275115967,-0.07251377403736115,0.09907230734825134,0.05180271342396736,0.09335663169622421,0.09970119595527649,8.63850768695329e-09,0.09504762291908264,0.09970120340585709,-0.05172295868396759,0.09244660288095474,0.09759459002403133,0.07341327960867632,-0.07395601395078155,0.08545850002513442,0.05210263130730064,0.0867660058117038,0.08884537655177802,-0.0014639528094444027,0.09397481550967544,0.0838808370198644,-0.046820462284917645,0.08887319494565117,0.08466138366196913,-0.05115382618022015,0.08588594759552935
98,0.12809458374977112,0.0804692730307579,-0.07227317988872528,0.09971193224191666,0.05171891674399376,0.09239881485700607,0.1002907007932663,1.0332062316820156e-08,0.0941580981016159,0.1002907007932663,-0.0516454316675663,0.09156046062707901,0.09796278433556214,0.07313779955494325,-0.07464629624970928,0.0857560999561135,0.052134401499841644,0.08604330426445439,0.08915430156215859,-0.0014219415855586963,0.0932963207409299,0.08420442569445448,-0.04679630698824197,0.08822842019235821,0.08495755169995327,-0.05112833427746783,0.08527373920920849
99,0.1288224309682846,0.07852903008460999,-0.07203161716461182,0.10034161806106567,0.05163462087512016,0.09143528342247009,0.1008719652891159,1.2010202610213128e-08,0.09326348453760147,0.1008719652891159,-0.05156745761632919,0.09066924452781677,0.09886234127554636,0.07271771896024953,-0.07500340439968822,0.08664327712726702,0.05209764114243351,0.0856584523625588,0.09004785506498468,-0.0014205902103861911,0.0929711598834363,0.08510633849401375,-0.046816329903692784,0.08796048386018734,0.08583683842013559,-0.051142196224231246,0.0850372320104855
100,0.12952329218387604,0.07658003270626068,-0.07178913056850433,0.10096129029989243,0.05154983699321747,0.09046613425016403,0.10144494473934174,1.3630396367148023e-08,0.09236384183168411,0.10144494473934174,-0.05148904770612717,0.0897730365395546,0.09878390243716093,0.0719688406774545,-0.07604572810930726,0.08652088557661612,0.05181162547292284,0.08457885333006379,0.08992806005888399,-0.0016557290122268496,0.09196985693099943,0.08499455997551318,-0.04707603071342644,0.08703355585901382,0.08570714471058308,-0.05139179653566864,0.08414183574923999
101,0.13019709289073944,0.07462257146835327,-0.07154574990272522,0.10157091170549393,0.051464568823575974,0.08949149399995804,0.10200963914394379,1.5238160955277635e-08,0.09145917743444443,0.10200963169336319,-0.05141020193696022,0.08887182176113129,0.09998142650653419,0.07171298531348912,-0.07545077884894812,0.08774799221900755,0.05211095808016395,0.08513056093825849,0.0911565946617003,-0.0012965419179494454,0.09262212887715927,0.0862256155713575,-0.046744688188918845,0.08778382620247954,0.08692512482107809,-0.05104543874555118,0.08492231793099797
102,0.13084369897842407,0.07265707105398178,-0.07130151242017746,0.1021704226732254,0.051378827542066574,0.08851145207881927,0.10256598889827728,1.6811448233511328e-08,0.09054955840110779,0.10256598144769669,-0.051330920308828354,0.08796565979719162,0.09943352348634035,0.0705123705339435,-0.07718461136182637,0.08719302049955573,0.051128100153597575,0.08337358215920655,0.09059662808817079,-0.002230870169747788,0.09089319439034226,0.08566666397662556,-0.04765156843152928,0.08610352402505743,0.08636020510246475,-0.051982755987754085,0.08324268294271404
103,0.13146302103996277,0.07068394124507904,-0.07105644792318344,0.10275978595018387,0.051292624324560165,0.08752608299255371,0.10311400145292282,1.834656160326631e-08,0.0896349549293518,0.10311400145292282,-0.051251206547021866,0.0870545357465744,0.09983443495287866,0.0683500526014744,-0.07834668270156096,0.08762229543557987,0.051893114296196516,0.08188542680637696,0.0910149351887569,-0.001193944930998223,0.08996754118546846,0.08608527322514839,-0.04678429386689744,0.08569237025811442,0.0867646610868812,-0.05098245199426332,0.08296331211249187
104,0.13205493986606598,0.0687035620212555,-0.07081060111522675,0.10333897173404694,0.05120595917105675,0.0865354910492897,0.1036536693572998,1.986499675865616e-08,0.08871537446975708,0.10365366190671921,-0.051171060651540756,0.08613845705986023,0.10143714462904961,0.0675952111618657,-0.07705398082322293,0.08930510718588007,0.05122144699652919,0.08313457106927878,0.0926916744008127,-0.0017986437999195106,0.09119362415599183,0.08775868390706784,-0.047354199865384264,0.08693666870359341,0.08843606270312118,-0.05158092765832506,0.08420184189831353
105,0.13261938095092773,0.06671630591154099,-0.07056398689746857,0.10390792787075043,0.051118846982717514,0.08553977310657501,0.10418493300676346,2.1337578814950575e-08,0.08779086917638779,0.10418492555618286,-0.051090482622385025,0.08521746844053268,0.10261062255983669,0.06623135636887412,-0.0779319183812923,0.09057335263912288,0.05233350150058116,0.08157123677767154,0.09395879302384272,-0.0004411211046361438,0.0899623458845739,0.08903345107011791,-0.04613045807747927,0.08603207445749511,0.08973662107633333,-0.050195291882646376,0.08339574284067017
106,0.13315623998641968,0.06472263485193253,-0.07031664997339249,0.10446661710739136,0.05103129521012306,0.0845390260219574,0.10470780730247498,2.2794035103856913e-08,0.08686137199401855,0.10470779985189438,-0.05100947245955467,0.08429151028394699,0.10077017283191975,0.06438311284011511,-0.07922130288555866,0.08863303870525954,0.05047181744583789,0.08022390504438862,0.09200804885008726,-0.002230799131959474,0.08856371549210948,0.08708882118133626,-0.04787785654996338,0.0846238672301371,0.08779164620967511,-0.05197681947291318,0.08197988241845564
107,0.13366542756557465,0.06272288411855698,-0.07006862759590149,0.10501499474048615,0.05094331130385399,0.08353333175182343,0.10522225499153137,2.4226658013049018e-08,0.08592694997787476,0.10522224754095078,-0.0509280301630497,0.08336064219474792,0.10469854941179998,0.05687000776916649,-0.07205429043364223,0.0907495115068391,0.05025098305519916,0.07951832980853674,0.09426254578147296,-0.0010593822863135917,0.0861547449237932,0.08973279666833349,-0.046890139544976804,0.0810653631862908,0.09054540735977307,-0.050158630743318104,0.07902606538840826
108,0.13414685428142548,0.060717593878507614,-0.06981995701789856,0.10555300116539001,0.05085490643978119,0.08252283185720444,0.1057281643152237,2.5651372581592113e-08,0.08498773723840714,0.1057281568646431,-0.050846170634031296,0.08242501318454742,0.104974393850407,0.056554818957640626,-0.07276461252374665,0.09098039934660249,0.050186548997985206,0.07876884063131488,0.09449585471908312,-0.0010658907228947505,0.08542961884275498,0.08997431614010332,-0.04690987327956321,0.08037999234596463,0.09076098486304295,-0.05018115793438116,0.07837521323004314
109,0.13460049033164978,0.058707062155008316,-0.06957066804170609,0.10608062893152237,0.05076608434319496,0.08150756359100342,0.10622551292181015,2.7021872739396713e-08,0.08404380083084106,0.10622550547122955,-0.05076390132308006,0.08148466050624847,0.10581834915453062,0.056107612095652,-0.0730903505472728,0.0918354645084582,0.050125646463987344,0.07837880623533888,0.09535127942922489,-0.0010903049322786634,0.08510154030125248,0.09083089080409851,-0.04695120729310987,0.08011725968079435,0.0915972590047037,-0.05021961467935684,0.07814449830493866
110,0.1350262463092804,0.05669166147708893,-0.06932079046964645,0.10659781098365784,0.0506768561899662,0.08048766851425171,0.10671423375606537,2.835938417433681e-08,0.08309520781040192,0.10671422630548477,-0.0506812259554863,0.08053967356681824,0.10557235466173391,0.05541462961607604,-0.0741553970807501,0.09157279172701653,0.049921771259807804,0.07722926987366217,0.09508680543940026,-0.001250290987141176,0.08403860352003892,0.09056778990750383,-0.04713178316972249,0.07914127400189515,0.09131923509549011,-0.05039254278911194,0.07719963752353728
111,0.13542406260967255,0.05467192083597183,-0.06907038390636444,0.10710452497005463,0.05058722943067551,0.07946322113275528,0.10719425976276398,2.967567880318711e-08,0.08214207738637924,0.10719425976276398,-0.0505981519818306,0.07959017902612686,0.10687240389840402,0.055101927967535824,-0.07354327894024791,0.0929415127444646,0.05017974018563038,0.07774530045785334,0.09645150642528115,-0.0009395006362926555,0.08465812456444562,0.09192627628383167,-0.04684408760394874,0.07986870519836436,0.09266871263655477,-0.05009150889470476,0.07795462087637907
112,0.13579390943050385,0.05264810100197792,-0.06881947070360184,0.10760073363780975,0.05049721524119377,0.07843431830406189,0.1076655462384224,3.097965972642669e-08,0.0811844989657402,0.1076655387878418,-0.050514694303274155,0.07863624393939972,0.1060768575385701,0.05385989612375046,-0.0752684817893231,0.09214907225978644,0.049154286774853735,0.07598036822359841,0.0956523036153783,-0.0019098040653419456,0.08291773830401492,0.09112707577243868,-0.04778568823809558,0.07817905871548822,0.09186387205566422,-0.05106349153152695,0.07626632550636238
113,0.13613572716712952,0.05062063783407211,-0.06856808066368103,0.10808638483285904,0.05040682107210159,0.07740108668804169,0.10812804102897644,3.2262324367593465e-08,0.08022253215312958,0.10812803357839584,-0.05043085291981697,0.07767793536186218,0.10622043578716629,0.051561700798535705,-0.07626447009982446,0.09250438944366475,0.049938537513494856,0.07437663932245663,0.09597952065831941,-0.0008829753621140708,0.0819053820140563,0.0914194574394204,-0.04690929577187471,0.07774388808437205,0.09216642565763591,-0.0500557013629555,0.07594128433083454
114,0.13644948601722717,0.04859001934528351,-0.0683162659406662,0.1085614413022995,0.05031605064868927,0.07636357098817825,0.10858166962862015,3.3504424123975696e-08,0.07925630360841751,0.10858166217803955,-0.05034663900732994,0.0767153725028038,0.1079241394207695,0.05077706691077408,-0.07505553704173742,0.09431075775406744,0.04927364286863262,0.07553204420364289,0.0977794151376028,-0.001484575537487755,0.08304282244896669,0.09321383168578451,-0.047477184728350476,0.0789036483955274,0.09396037200974673,-0.05064999318113344,0.07709650411771272
115,0.13673515617847443,0.046556565910577774,-0.06806404888629913,0.10890078544616699,0.05024681240320206,0.07557196915149689,0.10902640223503113,3.473943266385504e-08,0.07828587293624878,0.10900261253118515,-0.05026507005095482,0.07578305900096893,0.10814256993930696,0.042968315883436144,-0.06999972174249804,0.09427341839232031,0.04890479092669229,0.07337343592682198,0.09810006473393422,-0.000877831798263158,0.0793989311055056,0.09384494038465932,-0.0469202678925716,0.0743640065648433,0.0948312314517278,-0.04943863745852389,0.07308298617738553
116,0.13699273765087128,0.044520601630210876,-0.06781146675348282,0.10928838700056076,0.050167620182037354,0.07466673851013184,0.1094621941447258,3.5949000221080496e-08,0.07731131464242935,0.10937442630529404,-0.050192367285490036,0.07495199888944626,0.1082822399080543,0.04264767668473363,-0.07065378598669331,0.09437801783196453,0.04882618594554632,0.0726650119992283,0.09820606024918054,-0.0009155132307316679,0.07871409636968844,0.09395262855590253,-0.04696790769349538,0.07372180482592601,0.09491451085935979,-0.04949036987617952,0.07247578224729591
117,0.13722215592861176,0.04248274490237236,-0.06755857914686203,0.10967952013015747,0.05008604750037193,0.07373428344726562,0.10988898575305939,3.7123669471839094e-08,0.0763327106833458,0.10975798964500427,-0.05011555552482605,0.07407405227422714,0.10906513135379825,0.04219222978814363,-0.07090997980941136,0.0951853037334852,0.048741661221295585,0.07232733327738426,0.0990128214973067,-0.0009704218399916755,0.07843194097726822,0.09475183803523331,-0.04703652894918134,0.0735112426263794,0.09569511144034269,-0.049557051218486706,0.07229654997215694
118,0.13742342591285706,0.04044331982731819,-0.06730541586875916,0.11006814986467361,0.0500047504901886,0.07280506193637848,0.1103067472577095,3.827210193207975e-08,0.07535013556480408,0.11014239490032196,-0.050036780536174774,0.07317367196083069,0.10864386626636885,0.04157872668869926,-0.07193873919387936,0.0947606483585862,0.04861442665230525,0.07119006571198871,0.09858830951073128,-0.0010614594134223342,0.077376399751802,0.09431987368152936,-0.04714542535206202,0.07255425092500598,0.0952498985395989,-0.04965873463734721,0.07136930378128108
119,0.13759654760360718,0.03840268403291702,-0.06705201417207718,0.11033953726291656,0.04995102807879448,0.07219092547893524,0.11071541905403137,3.941592296996532e-08,0.07436369359493256,0.11050910502672195,-0.04996323958039284,0.07233311235904694,0.11000396939262963,0.04127628846406697,-0.07124223469299212,0.09620054390181859,0.048866020746809284,0.07176982651172613,0.10003129900966382,-0.000766395364846702,0.07804203434216517,0.09574564098790794,-0.04686974368877992,0.07333757304196648,0.09666910812467511,-0.04937005718423443,0.07217682763011
120,0.13774153590202332,0.03636110574007034,-0.0667983889579773,0.11065137386322021,0.0498868003487587,0.07145671546459198,0.11111495643854141,4.054320612567608e-08,0.0733734518289566,0.11082553118467331,-0.049899909645318985,0.0716092437505722,0.10898746805962928,0.039948955813298014,-0.0728654165562901,0.09518014220215362,0.04773360706079421,0.07010668786966544,0.09900974872117829,-0.0018452942313945818,0.0763881499690414,0.09472051361545386,-0.04791742352007351,0.0717360316988067,0.09563745576728229,-0.05044943660712477,0.07057667341826915
